antecedents_str,consequents_str,support,confidence,lift,conviction,zhang,leverage,antecedents_len,consequents_len
hostile behavior,drug abuse,0.010721828125846104,0.5368763557483731,22.01264578509149,2.1065876481486248,0.9740235565588363,0.010234752277239677,1,1
drug abuse,hostile behavior,0.010721828125846104,0.43960923623445824,22.012645785091486,1.7488318950229205,0.9784350616272287,0.010234752277239677,1,1
hand or finger swelling,wrist swelling,0.010396924243244707,0.46087373979836777,19.238145010977526,1.810417755124409,0.9699000668498574,0.009856491460493975,1,1
wrist swelling,hand or finger swelling,0.010396924243244707,0.433996383363472,19.238145010977526,1.7269162452114308,0.9712883596122336,0.009856491460493975,1,1
wrist swelling,wrist pain,0.011718200032490389,0.48915009041591323,18.322788478114948,1.9052635866609224,0.968627841395564,0.011078657637156469,1,1
wrist pain,wrist swelling,0.011718200032490389,0.4389452332657201,18.322788478114948,1.7396586065993078,0.9713547006797866,0.011078657637156469,1,1
foreign body sensation in eye,spots or clouds in vision,0.01594195050630855,0.4598562949078413,14.374011845062805,1.7921301101306404,0.9638438090525159,0.014832869014088666,1,1
spots or clouds in vision,foreign body sensation in eye,0.01594195050630855,0.49830737982396744,14.374011845062803,1.9241517951524134,0.9611802740636931,0.014832869014088666,1,1
vaginal pain,vaginal discharge,0.012552119997833974,0.4991386735572782,13.98300043170852,1.9252911784591613,0.9524360334223413,0.011654449997812363,1,1
vaginal discharge,vaginal pain,0.012552119997833974,0.3516383495145631,13.98300043170852,1.5035627704950887,0.9628547566397333,0.011654449997812363,1,1
wrist swelling,hand or finger pain,0.010277792819624194,0.4290235081374322,13.455803540716644,1.6955445850832074,0.9484027957716656,0.009513974234689889,1,1
hand or finger pain,wrist swelling,0.010277792819624194,0.32235054347826086,13.455803540716644,1.4403372486015493,0.9561690233169985,0.009513974234689889,1,1
suprapubic pain,painful urination,0.010331943466724428,0.41586748038360943,13.454493273027532,1.6590256116396414,0.9492590808328943,0.00956402577134477,1,1
painful urination,suprapubic pain,0.010331943466724428,0.3342676944639103,13.454493273027532,1.4647864839984837,0.95519984015908,0.00956402577134477,1,1
wheezing,coryza,0.010905940325986895,0.4970384995064166,12.942484447807383,1.911868721826319,0.943435801453298,0.010063293740629437,1,1
knee swelling,knee pain,0.01386256565765961,0.512615138165799,12.75459951025035,1.9693048858967555,0.9472122128859726,0.012775697689244072,1,1
knee pain,knee swelling,0.01386256565765961,0.3449205066019941,12.75459951025035,1.4852505331700334,0.9601874298299559,0.012775697689244072,1,1
lacrimation,foreign body sensation in eye,0.014750636270103428,0.43907156673114117,12.665314937244586,1.7209552921053957,0.9530623955273061,0.013585988068049913,1,1
foreign body sensation in eye,lacrimation,0.014750636270103428,0.42549203373945643,12.665314937244586,1.6821436695287595,0.9541209498068985,0.013585988068049913,1,1
ankle pain,knee pain,0.010407754372664753,0.5052576235541535,12.571533999157307,1.940018553933728,0.9398143603546047,0.00957987176316281,1,1
itchiness of eye,lacrimation,0.013191097633616722,0.4162679425837321,12.390748058822986,1.6555625586447071,0.9493794692426627,0.01212650511902485,1,1
lacrimation,itchiness of eye,0.013191097633616722,0.39264990328820115,12.390748058822986,1.5943210457352228,0.9512519915896277,0.01212650511902485,1,1
knee swelling,leg swelling,0.010093680619483403,0.37324789747697235,11.99159520303975,1.5458651102190577,0.9420849039955277,0.009251951020661993,1,1
leg swelling,knee swelling,0.010093680619483403,0.3242867084203201,11.99159520303975,1.4398964456708676,0.9460549692620271,0.009251951020661993,1,1
lacrimation,eye redness,0.011869821844371041,0.3533204384268214,11.889155496406909,1.5004063566057122,0.9477287419689664,0.0108714480029356,1,1
eye redness,lacrimation,0.011869821844371041,0.3994169096209913,11.889155496406907,1.6091111355285552,0.9439416775358772,0.0108714480029356,1,1
plugged feeling in ear,ear pain,0.011284994855688525,0.5393374741200827,11.784128176260728,2.0714336840145458,0.9346975283186527,0.010327351261958589,1,1
"skin dryness, peeling, scaliness, or roughness",abnormal appearing skin,0.010970921102507174,0.49950690335305714,11.641082766558437,1.912296160825821,0.9346249758050829,0.010028489773522593,1,1
eye redness,foreign body sensation in eye,0.01190231223263118,0.4005102040816327,11.552986471064527,1.6102571925308975,0.9414192750110605,0.010872075396256311,1,1
foreign body sensation in eye,eye redness,0.01190231223263118,0.34333020930959074,11.552986471064527,1.477579962756102,0.9462460370623547,0.010872075396256311,1,1
lacrimation,symptoms of eye,0.017533979531055396,0.5219213410702772,11.280806888512183,1.994930477032147,0.9430351837847362,0.015979659906196722,1,1
symptoms of eye,lacrimation,0.017533979531055396,0.37897940074906367,11.280806888512183,1.5561560110963717,0.9555642955005323,0.015979659906196722,1,1
foreign body sensation in eye,pain in eye,0.017414848107434884,0.5023430178069354,11.2773747992228,1.9199081131844384,0.9440546540861334,0.015870619205098937,1,1
pain in eye,foreign body sensation in eye,0.017414848107434884,0.39095550692924874,11.2773747992228,1.5849954588035173,0.953813873379808,0.015870619205098937,1,1
diminished hearing,ear pain,0.014100828504900633,0.5150316455696202,11.253063652075458,1.9676167823190804,0.9367830899089509,0.012847762767349245,1,1
ear pain,diminished hearing,0.014100828504900633,0.30809275911026973,11.253063652075458,1.4057107302062903,0.9548363839727285,0.012847762767349245,1,1
foreign body sensation in eye,symptoms of eye,0.017891373801916934,0.5160887222742893,11.154740676778207,1.9708854308994916,0.9430447810139326,0.016287448231584047,1,1
symptoms of eye,foreign body sensation in eye,0.017891373801916934,0.38670411985018727,11.154740676778207,1.5740082184974478,0.954513853842089,0.016287448231584047,1,1
eye redness,symptoms of eye,0.015075540152704825,0.5072886297376094,10.964535493169981,1.935684347226766,0.9366315659015935,0.013700603643803407,1,1
symptoms of eye,eye redness,0.015075540152704825,0.3258426966292135,10.964535493169981,1.4392518185592318,0.9528832610822895,0.013700603643803407,1,1
spots or clouds in vision,lacrimation,0.011783180809010668,0.36831415030467163,10.963342059439668,1.5298822017386131,0.9388219186601705,0.010708400806240883,1,1
lacrimation,spots or clouds in vision,0.011783180809010668,0.35074145712443583,10.963342059439668,1.490943489793571,0.9403790291905988,0.010708400806240883,1,1
lacrimation,pain in eye,0.016310174906590133,0.4854932301740812,10.899104645787451,1.8570322758214102,0.9398227470470678,0.014813705661027464,1,1
pain in eye,lacrimation,0.016310174906590133,0.3661560904449307,10.899104645787451,1.5246733840471696,0.9505928587795673,0.014813705661027464,1,1
"diminished vision, pain in eye",symptoms of eye,0.010396924243244707,0.49896049896049893,10.784531290149268,1.903509973043763,0.9265819424627534,0.009432865262513537,2,1
delusions or hallucinations,anxiety and nervousness,0.011826501326690855,0.5430134261561412,10.738733070063676,2.077597417691753,0.9270701684761071,0.010725207417108583,1,1
pain during pregnancy,vaginal discharge,0.0112091839497482,0.37939882697947214,10.628577272193434,1.5538222216663935,0.9334937223729879,0.010154557007431682,1,1
vaginal discharge,pain during pregnancy,0.0112091839497482,0.3140169902912621,10.628577272193434,1.4146930655821337,0.9394486908060101,0.010154557007431682,1,1
eye redness,pain in eye,0.014035847728380355,0.4723032069970846,10.602994558248435,1.8106149030359369,0.9334264726491623,0.012712085120442262,1,1
pain in eye,eye redness,0.014035847728380355,0.3150984682713348,10.602994558248433,1.416673901170052,0.9479110778616572,0.012712085120442262,1,1
skin lesion,abnormal appearing skin,0.012292196891752856,0.44702638834186686,10.418016549103047,1.7308077764648944,0.9295735728345974,0.011112298891608944,1,1
diminished vision,foreign body sensation in eye,0.018335409108138842,0.36082693947144073,10.408295987533734,1.5102838579087743,0.9523146305308454,0.016573794226115924,1,1
foreign body sensation in eye,diminished vision,0.018335409108138842,0.528897219618869,10.408295987533732,2.014815178957834,0.9363846698635188,0.016573794226115924,1,1
itching of skin,skin rash,0.014783126658363567,0.4042049156055671,10.381713736422821,1.6130809231361172,0.9379819278423114,0.013359168433961848,1,1
skin rash,itching of skin,0.014783126658363567,0.3796940194714882,10.38171373642282,1.553147451726398,0.9402861881563707,0.013359168433961848,1,1
cramps and spasms,pelvic pain,0.013700113716358911,0.4876638396299152,10.332363614554433,1.8597209599634401,0.9293245696563843,0.01237417182857434,1,1
itchiness of eye,spots or clouds in vision,0.010364433854984567,0.32706766917293234,10.2233558676651,1.4384920345608188,0.9317096700003072,0.009350634277903848,1,1
spots or clouds in vision,itchiness of eye,0.010364433854984567,0.3239675016926201,10.223355867665099,1.4323439239109923,0.9320015426663102,0.009350634277903848,1,1
diminished vision,lacrimation,0.01739318784859479,0.34228473998294967,10.188543348267459,1.4693363485499222,0.950131440765534,0.015686055901067426,1,1
lacrimation,diminished vision,0.01739318784859479,0.5177304964539006,10.188543348267457,1.9681630826370722,0.9332015046340894,0.015686055901067426,1,1
symptoms of eye,diminished vision,0.023912925759462824,0.5168539325842696,10.17129323639568,1.9645922771102693,0.9454254340642494,0.02156190458607891,1,1
diminished vision,symptoms of eye,0.023912925759462824,0.4705882352941176,10.17129323639568,1.8014969645553927,0.949956071791244,0.02156190458607891,1,1
"pain in eye, symptoms of eye",diminished vision,0.010396924243244707,0.5158516926383665,10.151569914698118,1.9605253562358318,0.9200362811415433,0.009372755141262623,2,1
foreign body sensation in eye,itchiness of eye,0.011100882655547734,0.3202124336144955,10.104858187899673,1.4244318213490519,0.9333959667193323,0.010002313784107184,1,1
itchiness of eye,foreign body sensation in eye,0.011100882655547734,0.3503075871496924,10.104858187899671,1.4858304278040697,0.9305250712742673,0.010002313784107184,1,1
"anxiety and nervousness, depressive or psychotic symptoms",depression,0.011025071749607408,0.4783834586466166,10.04812025799257,1.8258446110593185,0.9217213637187187,0.009927844460668689,2,1
hostile behavior,anxiety and nervousness,0.01010451074890345,0.5059652928416486,10.006062393346246,1.9217964081893613,0.9184017672409387,0.009094671878058245,1,1
eye redness,diminished vision,0.014945578599664265,0.5029154518950437,9.89699451209055,1.9095042008039387,0.9264926164458485,0.013435465748595573,1,1
pain in eye,spots or clouds in vision,0.013970866951860075,0.31363967906637497,9.803628898643781,1.4103492992958058,0.9398624927706162,0.012545795981069576,1,1
spots or clouds in vision,pain in eye,0.013970866951860075,0.43669600541638454,9.80362889864378,1.6961635047548433,0.9276753318625803,0.012545795981069576,1,1
pain in eye,symptoms of eye,0.020154870850706667,0.45246778507172386,9.77963785922229,1.7418768450774993,0.9396005967603759,0.018093969297823455,1,1
symptoms of eye,pain in eye,0.020154870850706667,0.43562734082397003,9.779637859222289,1.6929517441370918,0.9412970696818628,0.018093969297823455,1,1
"diminished vision, symptoms of eye",pain in eye,0.010396924243244707,0.4347826086956522,9.760674002896438,1.6904215836148473,0.9195368757420085,0.009331739170967992,2,1
pain during pregnancy,pelvic pain,0.013602642551578491,0.4604105571847507,9.754935474450196,1.7657912115854133,0.924810952624763,0.012208205593260716,1,1
"depression, depressive or psychotic symptoms",anxiety and nervousness,0.011025071749607408,0.4913127413127414,9.71629084795716,1.8664397614124548,0.9176726678231067,0.009890372107312796,2,1
symptoms of eye,spots or clouds in vision,0.014274110575621378,0.30852059925093633,9.643618663451322,1.3999083655197277,0.9397848660455992,0.012793949333895872,1,1
spots or clouds in vision,symptoms of eye,0.014274110575621378,0.4461746784021665,9.64361866345132,1.7220839313846423,0.925926926959573,0.012793949333895872,1,1
coryza,sore throat,0.017533979531055396,0.4565707839819515,9.574713454229729,1.7524176324960534,0.9313244812285849,0.01570269971105101,1,1
sore throat,coryza,0.017533979531055396,0.3677038382920736,9.574713454229729,1.5208005667456521,0.9404013256130286,0.01570269971105101,1,1
drug abuse,anxiety and nervousness,0.01177235067959062,0.4826820603907638,9.545608919721818,1.8353009881214863,0.917620038868172,0.010539076744046475,1,1
itchiness of eye,pain in eye,0.013331889316077327,0.42071086807928915,9.444769755434272,1.6493588866882534,0.9233823181467683,0.011920326127000483,1,1
double vision,foreign body sensation in eye,0.010028699842963123,0.326056338028169,9.405314580390812,1.432364172551235,0.9220367415581334,0.008962419735344819,1,1
drug abuse,depression,0.010851789678886663,0.44493783303730017,9.345617564490244,1.7158271771267666,0.9153221813646555,0.009690626213336852,1,1
pain in eye,diminished vision,0.0208371690041696,0.4677850717238026,9.20565528508468,1.7834618728855984,0.9329277572346194,0.018573650725581578,1,1
diminished vision,pain in eye,0.0208371690041696,0.4100596760443308,9.20565528508468,1.6195802166714506,0.9390910009784306,0.018573650725581578,1,1
paresthesia,loss of sensation,0.013147777115936536,0.4744040640875342,9.122053156501972,1.8036549633496746,0.9157550683715238,0.011706459367577974,1,1
itchiness of eye,symptoms of eye,0.01335354957491742,0.42139439507860565,9.108017666100903,1.648331227705838,0.9193395375237648,0.01188741829756846,1,1
itching of skin,abnormal appearing skin,0.014122488763740726,0.3861415457506663,8.999086225867686,1.5591396039469214,0.9226209425086106,0.012553164011284645,1,1
abnormal appearing skin,itching of skin,0.014122488763740726,0.32912670368500757,8.999086225867686,1.4360784044326442,0.9287283876713587,0.012553164011284645,1,1
skin rash,abnormal appearing skin,0.014718145881843288,0.37802503477051463,8.809929728807539,1.5387934896779083,0.9224049206261549,0.013047514408618649,1,1
abnormal appearing skin,skin rash,0.014718145881843288,0.34300858152448255,8.809929728807537,1.462828368390243,0.9262355318520926,0.013047514408618649,1,1
spots or clouds in vision,diminished vision,0.014306600963881519,0.44719025050778605,8.800364829632656,1.7170193427902094,0.9156624041738629,0.01268091825176165,1,1
intermenstrual bleeding,vaginal discharge,0.010602696702225592,0.3124800510692627,8.753897304453995,1.4025831467599685,0.9168754810414229,0.009391499411068096,1,1
skin swelling,skin rash,0.010840959549466615,0.34012911994563366,8.735972820634238,1.4564450618820322,0.9146845860422019,0.009600003359234381,1,1
arm stiffness or tightness,arm pain,0.01083012942004657,0.48123195380173245,8.658330563967843,1.820504911081925,0.904868364780571,0.009579295978191531,1,1
anxiety and nervousness,depression,0.020533925380408297,0.40608267294923966,8.529491266325762,1.6035746183712154,0.9297745778689563,0.018126522085269728,1,1
depression,anxiety and nervousness,0.020533925380408297,0.4313011828935396,8.52949126632576,1.6694849666973521,0.9268881627430369,0.018126522085269728,1,1
leg swelling,knee pain,0.010667677478745871,0.34272790535838554,8.527561611766783,1.460292316602236,0.9110916324199236,0.009416712904766594,1,1
itchiness of eye,diminished vision,0.013591812422158445,0.42891319207108686,8.44068618710226,1.6620678670611015,0.9103750573876913,0.011981539024845401,1,1
double vision,pain in eye,0.011479937185249364,0.3732394366197183,8.379057471500532,1.5244349014914547,0.908601197284132,0.010109862182864457,1,1
"coryza, cough",nasal congestion,0.010180321654843776,0.5147864184008762,8.162940742408537,1.9309767737728982,0.8951984086218767,0.008933182667057862,2,1
insomnia,depression,0.014436562516922078,0.3881770529994176,8.153395857302371,1.5566443784733832,0.9112413900597792,0.012665942916256872,1,1
depression,insomnia,0.014436562516922078,0.30323020928116473,8.153395857302371,1.3818184261092323,0.9212098251936506,0.012665942916256872,1,1
wheezing,nasal congestion,0.011252504467428386,0.5128331688055282,8.131968167896007,1.923234703992099,0.8967038747120076,0.009868767562031748,1,1
"back pain, leg pain",low back pain,0.01063518709048573,0.4546296296296296,8.068081270776831,1.7302935544273301,0.8970393052206138,0.009317006629288948,2,1
insomnia,anxiety and nervousness,0.015129690799805058,0.406814210832848,8.045232417487904,1.6005678879644647,0.9095287619245128,0.013249112338588987,1,1
coryza,nasal congestion,0.01938593166188336,0.5047941342357586,8.00449362607913,1.89201344564268,0.910018183212715,0.016964050582645218,1,1
nasal congestion,coryza,0.01938593166188336,0.3074016829812811,8.00449362607913,1.3883896877135002,0.9339699055538393,0.016964050582645218,1,1
"back pain, neck pain",low back pain,0.010884280067146802,0.44508414526129314,7.898682404901307,1.7005296002433277,0.8952904251017524,0.009506293270210535,2,1
"cough, nasal congestion",coryza,0.010180321654843776,0.30060761112887757,7.827581436431165,1.3749025245021775,0.9028214004277835,0.008879751135390286,2,1
abusing alcohol,depression,0.012292196891752856,0.36922576447625244,7.755336888743123,1.5098757961771876,0.9010542710292694,0.010707198448990816,1,1
abusing alcohol,anxiety and nervousness,0.013028645692316022,0.3913467794404684,7.739345658521236,1.5598933738738667,0.9007786695340646,0.011345215817599015,1,1
vaginal discharge,pelvic pain,0.012887854009855418,0.36104368932038833,7.64960281170217,1.4911853597220286,0.9014526067842429,0.011203079737635702,1,1
double vision,diminished vision,0.011685709644230248,0.3799295774647887,7.476725817393706,1.5307697291548221,0.8937409118956583,0.010122764856681017,1,1
coryza,fever,0.019266800238262848,0.5016920473773266,7.416544219434111,1.8710418060463567,0.8997187887527731,0.016668986530393802,1,1
skin swelling,abnormal appearing skin,0.01010451074890345,0.31702344546381245,7.38827860598211,1.401352683164564,0.8931168517061598,0.008736870018527897,1,1
"cough, fever",sore throat,0.01101424162018736,0.3517813905223106,7.377182533244958,1.4691261963782174,0.8923874606621471,0.00952122696716066,2,1
"anxiety and nervousness, depression",depressive or psychotic symptoms,0.011025071749607408,0.5369198312236287,7.3197242899798844,2.0010520767636617,0.8814831414659744,0.00951885767475491,2,1
double vision,symptoms of eye,0.010407754372664753,0.33838028169014084,7.3137507747797645,1.441513396175558,0.8906659688753039,0.008984715128758038,1,1
paresthesia,neck pain,0.011858991714950994,0.42790152403282533,7.301845725664559,1.6455177023791665,0.8876488941731383,0.010234882940197103,1,1
paresthesia,arm pain,0.011220014079168245,0.40484564282923013,7.283987223428871,1.5868484611385196,0.8873035522474124,0.009679647006161968,1,1
"back pain, low back pain",neck pain,0.010884280067146802,0.42675159235668786,7.282222931113431,1.642216807157512,0.8852577521372909,0.009389643035280677,2,1
wheezing,fever,0.010646017219905778,0.485192497532083,7.172630364973564,1.8110750274088978,0.8798874852043814,0.009161761559403047,1,1
elbow pain,arm pain,0.012378837927113228,0.3977035490605428,7.155486594408655,1.5680314475425223,0.8878831670839661,0.010648859432459051,1,1
facial pain,ear pain,0.01051605566686522,0.3219496021220159,7.034362638886971,1.4073170313847352,0.8868070840039443,0.009021100657191571,1,1
"cough, sore throat",fever,0.01101424162018736,0.47523364485981306,7.025408036844515,1.7767050088287737,0.8780086606845445,0.009446469106132158,2,1
"pelvic pain, sharp abdominal pain",lower abdominal pain,0.011306655114528618,0.49129411764705877,6.989775401069518,1.8276031245474398,0.8771199470286657,0.009689055912013675,2,1
cramps and spasms,lower abdominal pain,0.013786754751719282,0.4907478797224364,6.982003925141936,1.8256427868325138,0.881540062226556,0.011812141889919865,1,1
shoulder pain,hip pain,0.016245194130069855,0.3536067892503536,6.924768374428717,1.4680475042180037,0.8967906644114743,0.013899239254516338,1,1
hip pain,shoulder pain,0.016245194130069855,0.3181336161187699,6.924768374428717,1.3991870160391184,0.9016318192193563,0.013899239254516338,1,1
"cough, fever",nasal congestion,0.013451020739697839,0.4296091317883085,6.812289057817872,1.642621242034576,0.8807837176398609,0.011476497840634817,2,1
pain during pregnancy,lower abdominal pain,0.014025017598960307,0.47470674486803516,6.753782324713409,1.769892247769932,0.8778711656946616,0.011948400834508183,1,1
"lower abdominal pain, sharp abdominal pain",pelvic pain,0.011306655114528618,0.31598062953995154,6.694830525142594,1.3929463654612795,0.8821985075498477,0.009617791584366622,2,1
drug abuse,depressive or psychotic symptoms,0.011869821844371041,0.48667850799289525,6.634794040384465,1.8051991741370517,0.8705106993380234,0.010080795422130627,1,1
ache all over,hip pain,0.01259544051551416,0.33778681382515247,6.614961920370192,1.4329765090692834,0.8817046734404708,0.010691356914257499,1,1
suprapubic pain,lower abdominal pain,0.011339145502788759,0.45640802092415,6.49344138860268,1.710313058048582,0.8675521976738879,0.009592899587226745,1,1
delusions or hallucinations,depressive or psychotic symptoms,0.010353603725564521,0.47538538040775735,6.480837014609519,1.7663395163448983,0.8645278323002323,0.008756031729505252,1,1
depressive or psychotic symptoms,depression,0.02244002815833649,0.3059205669570353,6.425654128748374,1.3721639134213053,0.9112135849647828,0.01894777231811941,1,1
depression,depressive or psychotic symptoms,0.02244002815833649,0.47133757961783435,6.4256541287483735,1.7528152138526487,0.8865833902677623,0.01894777231811941,1,1
pelvic pain,lower abdominal pain,0.02127037418097146,0.4506654428636989,6.4117401643789895,1.692433960300111,0.8858459974738352,0.01795296367529611,1,1
lower abdominal pain,pelvic pain,0.02127037418097146,0.30261941448382124,6.411740164378989,1.3662587054702753,0.907846389652928,0.01795296367529611,1,1
low back pain,neck pain,0.021075431851410625,0.3740149913511436,6.382309042026953,1.503866956398953,0.8936747172981899,0.017773267742366275,1,1
neck pain,low back pain,0.021075431851410625,0.35963777490297544,6.382309042026953,1.4736203974001125,0.8958131870096393,0.017773267742366275,1,1
vaginal pain,lower abdominal pain,0.011220014079168245,0.446167097329888,6.347740975647953,1.6786876611729165,0.8641960640005366,0.00945245391529074,1,1
sore throat,nasal congestion,0.019061027779281963,0.39972745855098796,6.338456961240851,1.5608512662021432,0.8844058412388912,0.016053824623081865,1,1
nasal congestion,sore throat,0.019061027779281963,0.30224969946762836,6.33845696124085,1.3648363023805719,0.8989223972607059,0.016053824623081865,1,1
sore throat,fever,0.020414793956787785,0.4281171928230752,6.328882644783645,1.6303253043135182,0.8841552207390544,0.01718913863931813,1,1
fever,sore throat,0.020414793956787785,0.3017931476144733,6.328882644783645,1.3639438468840723,0.9030832843920423,0.01718913863931813,1,1
vaginal discharge,lower abdominal pain,0.015866139600368225,0.44447815533980584,6.323711937334511,1.6735839805410198,0.8730287571573404,0.013357148084373284,1,1
lower body pain,low back pain,0.01190231223263118,0.35348986812479893,6.2732052610615625,1.4596071895894975,0.869881527083785,0.010004986744732661,1,1
knee pain,hip pain,0.012844533492175231,0.3195904068984101,6.258617226079469,1.3946539693228541,0.8754032897038233,0.01079223774885154,1,1
shoulder pain,arm pain,0.015920290247468456,0.3465346534653465,6.234855266508724,1.4452484448098244,0.8800417091677464,0.013366856435943396,1,1
anxiety and nervousness,depressive or psychotic symptoms,0.0230465154058591,0.45577211394302847,6.213453143500596,1.702682933342045,0.883746301752945,0.01933738380486421,1,1
depressive or psychotic symptoms,anxiety and nervousness,0.0230465154058591,0.3141886903883065,6.213453143500595,1.3843955508336139,0.9054779375128408,0.01933738380486421,1,1
"fever, nasal congestion",cough,0.013451020739697839,0.5559534467323186,6.207250484163076,2.0503139209086125,0.85969804757127,0.0112840354095559,2,1
ache all over,low back pain,0.013028645692316022,0.3494045890212024,6.200705886464102,1.4504418886198547,0.8712139838197932,0.010927490447917632,1,1
palpitations,shortness of breath,0.012303027021172903,0.5328330206378987,6.027090158103684,1.9513229612009528,0.8537964759611849,0.010261738986907985,1,1
"fever, sore throat",cough,0.01101424162018736,0.5395225464190981,6.023798588102469,1.9771539792365955,0.8513723853147678,0.009185787122730979,2,1
difficulty breathing,cough,0.01076514864352629,0.5393380358111775,6.02173851712516,1.9763620625796514,0.8509192893292211,0.008977434246278487,1,1
hip pain,leg pain,0.023858775112362594,0.4672322375397667,6.009456561252871,1.7310553788665546,0.8784529779948759,0.01988857000826106,1,1
leg pain,hip pain,0.023858775112362594,0.3068672517063658,6.009456561252871,1.3690536800065884,0.9038711298312629,0.01988857000826106,1,1
nasal congestion,cough,0.03386581469648562,0.5370084149064056,5.995728172960455,1.9664176607273955,0.8892970788320035,0.028217490803282168,1,1
cough,nasal congestion,0.03386581469648562,0.37811366384522366,5.995728172960455,1.5066035413807228,0.9151831188236995,0.028217490803282168,1,1
problems with movement,abnormal involuntary movements,0.013147777115936536,0.3089058524173028,5.98464580003182,1.3722929162420279,0.869932140784973,0.01095085894312393,1,1
irregular heartbeat,shortness of breath,0.01338603996317756,0.5273037542662116,5.964546386153454,1.9284977652594861,0.8540227269760418,0.011141772068094554,1,1
painful urination,lower abdominal pain,0.012877023880435372,0.4166082690960056,5.9271994648658985,1.5936332498632817,0.857800165986626,0.010704492998563539,1,1
hip pain,low back pain,0.01695998267179293,0.3321314952279958,5.894169058596385,1.4129290869160533,0.8750230299012658,0.01408256560024532,1,1
low back pain,hip pain,0.01695998267179293,0.3009802037286181,5.894169058596384,1.357523699394735,0.879923769452657,0.01408256560024532,1,1
"cough, nasal congestion",fever,0.013451020739697839,0.3971858010873041,5.871621989016367,1.5466706214354116,0.8587723334100146,0.011160168098833061,2,1
"coryza, nasal congestion",cough,0.010180321654843776,0.5251396648044693,5.863212932251592,1.9172686413602642,0.845842492800688,0.008444017384049651,2,1
wheezing,cough,0.011512427573509504,0.5246791707798618,5.8580714914097385,1.9154111785716836,0.847899841983935,0.009547202739638614,1,1
coryza,cough,0.019775816321005037,0.514946418499718,5.749404782608399,1.876977852385336,0.8590599811949412,0.016336187860538018,1,1
fever,nasal congestion,0.024194509124384037,0.3576689081011848,5.671536773059059,1.4586498586225405,0.8834413238083346,0.019928556157401113,1,1
nasal congestion,fever,0.024194509124384037,0.38365103898334196,5.671536773059058,1.512706389744673,0.8791217417853675,0.019928556157401113,1,1
loss of sensation,arm pain,0.01632100503601018,0.31382757184506455,5.646389097099384,1.3763592605371693,0.8680391509715273,0.013430484252666632,1,1
ache all over,arm pain,0.011674879514810202,0.31309904153354634,5.6332813717848795,1.3748994875837603,0.8543403276803678,0.009602396579147595,1,1
arm pain,neck pain,0.017848053284236748,0.32112236944660955,5.479732763417611,1.3866978779971624,0.865620743875272,0.014590950419040592,1,1
neck pain,arm pain,0.017848053284236748,0.3045647754574016,5.479732763417611,1.3580269484300063,0.8683991271473395,0.014590950419040592,1,1
insomnia,depressive or psychotic symptoms,0.014880597823143986,0.4001164822364589,5.454710672863345,1.5447124416631923,0.8482180110820162,0.012152570854239198,1,1
wheezing,shortness of breath,0.010570206313965451,0.4817374136229023,5.449127047270695,1.758941659124255,0.8348014485421545,0.008630408210109576,1,1
chest tightness,shortness of breath,0.020577245898088483,0.481500253421186,5.4464444321505825,1.7581371245773487,0.852840714282737,0.016799139620785778,1,1
sore throat,cough,0.02317647695889966,0.4860322507381331,5.426576526227995,1.7713851326347478,0.8565672135775266,0.018905556453700484,1,1
"back pain, low back pain",leg pain,0.01063518709048573,0.41698513800424625,5.363187451960172,1.5818644789542304,0.8348361754071622,0.008652189631279133,2,1
low back pain,leg pain,0.02342556993556073,0.4157216990197963,5.346937328178422,1.5784438671542125,0.8615231577793903,0.01904445070827753,1,1
leg pain,low back pain,0.02342556993556073,0.30129544504805683,5.346937328178422,1.3505720406995227,0.8815143475930508,0.01904445070827753,1,1
abusing alcohol,depressive or psychotic symptoms,0.012887854009855418,0.3871177618737801,5.27750163038764,1.5119503809917663,0.8384292348592678,0.010445817055163129,1,1
wheezing,sharp chest pain,0.011631558997130016,0.5301085883514314,5.179637725442266,1.9103462092044268,0.8250391842136535,0.009385927234121561,1,1
cough,fever,0.031309904153354634,0.34957678355501814,5.167814971109927,1.4334589972639074,0.8858345415251326,0.025251269250907652,1,1
fever,cough,0.031309904153354634,0.462856227985911,5.167814971109926,1.6949555726624612,0.8650080815587389,0.025251269250907652,1,1
knee pain,leg pain,0.01582281908268804,0.3936944219886823,5.063626473648834,1.521098492806989,0.8361171372826547,0.01269801926480452,1,1
intermenstrual bleeding,lower abdominal pain,0.011999783397411598,0.3536546441110756,5.031541073034849,1.4384143888297243,0.8293957931201782,0.00961487125553898,1,1
ear pain,fever,0.015389613905886175,0.33625177472787504,4.970830550672165,1.4046817394655031,0.8371407388211305,0.012293629492616412,1,1
"low back pain, neck pain",back pain,0.010884280067146802,0.5164439876670092,4.946152432448221,1.8520847625085546,0.8149991064051567,0.008683725147783074,2,1
difficulty breathing,sharp chest pain,0.010017869713543077,0.5018990775908845,4.904005431677706,1.8021554199075949,0.8122984740475788,0.007975076357558585,1,1
ache all over,leg pain,0.014133318893160773,0.3790299157711298,4.875014246096569,1.4851770227204264,0.8256597053585883,0.011234185028172104,1,1
allergic reaction,cough,0.012866193751015324,0.41250000000000003,4.6055849455864575,1.5496763058658978,0.8080768559780354,0.010072586879570031,1,1
chest tightness,sharp chest pain,0.02011155033302648,0.47060314242270657,4.5982159953016515,1.6956188238225418,0.8174590289133669,0.015737777906160065,1,1
side pain,back pain,0.019754156062164942,0.4724164724164724,4.524486565768591,1.6975259374820808,0.8129751061269264,0.015388101312080998,1,1
"sharp abdominal pain, vomiting",nausea,0.015920290247468456,0.5145257262863143,4.507897612358557,1.8247336965265777,0.8030136925688266,0.012388646093922814,2,1
"leg pain, low back pain",back pain,0.01063518709048573,0.45399907535829864,4.348097150006069,1.6402659443279077,0.7884850500238828,0.008189246550617413,2,1
low back pain,back pain,0.025504954784209673,0.45262348645012496,4.334922686585654,1.6361438609289698,0.8152542746232794,0.019621353938654957,1,1
leg swelling,leg pain,0.010483565278605078,0.336812804453723,4.332025393402217,1.3906337563315205,0.793870956835062,0.008063550544949128,1,1
burning abdominal pain,nausea,0.0164184762007906,0.4854306756324048,4.252988085636027,1.7215586396076972,0.7916466610559272,0.012558019535924293,1,1
abnormal involuntary movements,depressive or psychotic symptoms,0.016028591541668923,0.3105329416701637,4.233435577899685,1.3440055217180844,0.8053547426539011,0.012242401520177887,1,1
"lower abdominal pain, pelvic pain",sharp abdominal pain,0.011306655114528618,0.5315682281059063,4.0617636827340995,1.8554008678229792,0.7701836249218896,0.008522973936179573,2,1
neck pain,back pain,0.024454432230465156,0.4172980964701534,3.9965999105457546,1.5369552027136257,0.796461410004011,0.01833562304820558,1,1
blood in stool,sharp abdominal pain,0.012703741809714626,0.5194862710363153,3.9694442929607887,1.8087489778129575,0.7668279088419578,0.009503358866378504,1,1
weakness,dizziness,0.016873341636432556,0.34660734149054506,3.9525736540112977,1.396263686474649,0.7852262238379502,0.012604391045389546,1,1
upper abdominal pain,sharp abdominal pain,0.012757892456814858,0.5153105861767279,3.93753748548727,1.7931662860808009,0.7649731203692327,0.009517823631099013,1,1
arm pain,leg pain,0.017003303189473115,0.3059236165237724,3.93473424317071,1.3287449664753983,0.789747577053352,0.0126819685989643,1,1
irregular heartbeat,sharp chest pain,0.010201981913683869,0.4018771331058021,3.9267010672300775,1.5007874245666424,0.7647470337975057,0.00760387685322394,1,1
cramps and spasms,sharp abdominal pain,0.014436562516922078,0.5138781804163455,3.926592336042971,1.7878825452281366,0.7668702062022231,0.010759948985029296,1,1
shoulder pain,leg pain,0.013949206693019982,0.30363036303630364,3.9052388314468724,1.3243692027048635,0.7797568429411802,0.010377285155035103,1,1
lower abdominal pain,sharp abdominal pain,0.03578274760383387,0.5090909090909091,3.890012337877284,1.7704473846240243,0.7990980421523843,0.026584127009391247,1,1
ache all over,back pain,0.015118860670385011,0.40546035434214345,3.8832259950401222,1.506353241204574,0.7712402639331691,0.011225484212332947,1,1
neck pain,leg pain,0.017598960307575677,0.300314174829052,3.8625866183090283,1.31809230331079,0.787239824001869,0.013042697355657672,1,1
burning abdominal pain,sharp abdominal pain,0.017068283965993393,0.5046429715017611,3.8560252212524917,1.7545500842555364,0.7665937078870589,0.012641890727712298,1,1
difficulty speaking,dizziness,0.01079763903178643,0.3347884486232371,3.8177956531587744,1.3714561032467236,0.7626663577917746,0.007969399908287858,1,1
sharp chest pain,shortness of breath,0.03446147181458818,0.3367195767195767,3.8087715443344496,1.374371414485053,0.8215271194854843,0.025413548773404564,1,1
shortness of breath,sharp chest pain,0.03446147181458818,0.3898076687492343,3.808771544334449,1.4711021935338906,0.8089658710563413,0.025413548773404564,1,1
diarrhea,nausea,0.013645963069258677,0.4340337581811919,3.8026859343068935,1.5652192667804634,0.7609522158894867,0.01005745660172525,1,1
blood in stool,nausea,0.010591866572805544,0.433126660761736,3.7947386110100476,1.5627146396274434,0.7549388386255222,0.0078006686383617005,1,1
ear pain,cough,0.015541235717766827,0.33956460009465217,3.791257236969735,1.3785372949825165,0.7715475403189817,0.011442005634875227,1,1
chest tightness,cough,0.014404072128661937,0.33705017739483023,3.763183570707575,1.3733088065677614,0.7670478677772393,0.010576442713827518,1,1
hip pain,back pain,0.01989494774462555,0.3896076352067869,3.731399335838468,1.4672312006470383,0.771394564319101,0.014563181842878387,1,1
pelvic pain,sharp abdominal pain,0.02301402501759896,0.48760899495181276,3.725866976901327,1.6962216501174157,0.7678466925513285,0.016837200895783715,1,1
diarrhea,vomiting,0.01348351112795798,0.42886668963141583,3.7008790455249327,1.548005691762106,0.7534833402848358,0.009840184512282142,1,1
diarrhea,sharp abdominal pain,0.015032219635024638,0.47812607647261457,3.6534070896308233,1.6653997774283302,0.7498583439049082,0.010917644044012785,1,1
lower body pain,back pain,0.012757892456814858,0.37889996783531676,3.6288485146845737,1.4419363643244318,0.7496726231556297,0.009242206308663866,1,1
vaginal discharge,sharp abdominal pain,0.01647262684789083,0.4614684466019417,3.5261245462587127,1.613886337029051,0.7429219512057887,0.011801031550620742,1,1
facial pain,headache,0.011339145502788759,0.34714854111405835,3.5112236327929214,1.3803013476635728,0.7393488475404679,0.008109745530400985,1,1
shoulder pain,back pain,0.016461796718470787,0.35832154644035835,3.4317622643471104,1.3956939294021187,0.7427264218974327,0.011664903620864963,1,1
pain during pregnancy,sharp abdominal pain,0.013234418151296909,0.4479472140762463,3.4228075150389112,1.5743579930202478,0.7293917573549984,0.009367879325158316,1,1
vaginal pain,sharp abdominal pain,0.011165863432068013,0.44401378122308355,3.392751778321203,1.5632198905938814,0.7234469300657003,0.007874769900435383,1,1
"nausea, sharp abdominal pain",vomiting,0.015920290247468456,0.38776048536006325,3.3461555528711626,1.4440714688686156,0.7311692069310557,0.011162504784145306,2,1
painful urination,sharp abdominal pain,0.013505171386798073,0.4369306236860547,3.3386286939797962,1.543555292915744,0.7228175304820931,0.009460046089950732,1,1
suprapubic pain,sharp abdominal pain,0.010656847349325824,0.42894507410636445,3.2776103457142636,1.521970438707048,0.712603824653322,0.007405439700072916,1,1
side pain,nausea,0.01556289597660692,0.37218337218337216,3.2607981469353513,1.4110191205398765,0.723583348242431,0.010790170013414858,1,1
side pain,sharp abdominal pain,0.017566469919315535,0.4200984200984201,3.210012216136016,1.498752109341838,0.7185197002570534,0.012094070209740349,1,1
difficulty speaking,headache,0.010201981913683869,0.3163196776359973,3.1994060066294017,1.3180600918986483,0.710352355316458,0.007013270667738646,1,1
nausea,vomiting,0.042129203443981154,0.36910522820001895,3.185171144471846,1.401370965055013,0.774438565012387,0.0289025347555183,1,1
vomiting,nausea,0.042129203443981154,0.36355140186915885,3.1851711444718456,1.391881871754887,0.7759659075611345,0.0289025347555183,1,1
intermenstrual bleeding,sharp abdominal pain,0.014025017598960307,0.41334184487711456,3.1583845785111198,1.4814908963570166,0.7073845670132749,0.009584450831257883,1,1
coryza,sharp chest pain,0.012075594303351925,0.31443880428652005,3.072349946433421,1.3093729379568348,0.701454655408926,0.008145184514789251,1,1
"nausea, vomiting",sharp abdominal pain,0.015920290247468456,0.377892030848329,2.8875091582572376,1.397070539497079,0.6824310276996773,0.010406787302571415,2,1
leg pain,back pain,0.02339307954730059,0.30087755954868367,2.8816024749432327,1.2810155567073314,0.7080189919415869,0.015274999503049716,1,1
nausea,sharp abdominal pain,0.041057020631396546,0.3597115475851599,2.7485903464312926,1.3574018285200191,0.718145340224593,0.02611953797425775,1,1
sharp abdominal pain,nausea,0.041057020631396546,0.31372062231049325,2.7485903464312926,1.2908172602017474,0.7319711436494352,0.02611953797425775,1,1
side pain,vomiting,0.01290951426869551,0.3087283087283087,2.6641521856475125,1.278972691011031,0.6519055839102164,0.008063877319634398,1,1
